Summary,Issue Type,Priority,Story Points,Epic Link,Assignee,Sprint,Status,Description,Acceptance Criteria,Dependencies
"Foundation & Orchestration",Epic,Highest,,,Engineering Team,,,Build the orchestrator and core infrastructure,,
"Implement Orchestrator Core",Story,Highest,8,Foundation & Orchestration,AI Engineer,Sprint 1,To Do,"Build the main orchestrator agent that coordinates all specialist agents. Must handle sequential and parallel execution patterns.","- Orchestrator can invoke sub-agents in correct order
- Context passes between agents correctly  
- Error handling at orchestration level works
- Observability traces capture full workflow",None
"Session & Memory Management",Story,Highest,5,Foundation & Orchestration,Backend Engineer,Sprint 1,To Do,"Implement persistent state management with short-term and long-term memory.","- Short-term memory tracks current workflow state
- Long-term memory stores successful patterns
- Context window stays under 50K tokens
- Memory cleanup happens after completion","Story: Implement Orchestrator Core"
"Specialized Agents",Epic,Highest,,,Engineering Team,,,Build all specialist agents following ADK patterns,,
"Build Marketing Strategy Agent",Story,Highest,5,Specialized Agents,AI Engineer,Sprint 1,To Do,"Create agent that analyzes product descriptions and defines marketing strategy.","- Analyzes product description effectively
- Defines clear target audience
- Outputs structured JSON (validated schema)
- Response time < 30 seconds
- Quality score > 8/10","Story: Implement Orchestrator Core"
"Build Copywriter Agent",Story,Highest,5,Specialized Agents,AI Engineer,Sprint 2,To Do,"Create agent that writes persuasive copy for landing pages.","- Creates compelling headlines
- Writes benefit-focused copy
- Outputs structured JSON
- Uses emotional triggers effectively
- Quality score > 8/10","Story: Build Marketing Strategy Agent"
"Build UI/UX Designer Agent",Story,Highest,5,Specialized Agents,AI Engineer,Sprint 2,To Do,"Create agent that defines design specifications including colors, typography, and layout.","- Defines color palettes
- Specifies typography
- Creates layout structure
- Outputs valid design tokens
- Quality score > 8/10","Story: Build Marketing Strategy Agent"
"Build Frontend Developer Agent",Story,Highest,8,Specialized Agents,AI Engineer,Sprint 3,To Do,"Create agent that generates production-ready HTML/CSS/JavaScript code.","- Generates valid HTML/CSS/JS
- Code is responsive (mobile-first)
- Follows accessibility standards
- No security vulnerabilities
- Quality score > 8/10","Story: Build Copywriter Agent, Story: Build UI/UX Designer Agent, Story: Build SEO Specialist Agent"
"Build SEO Specialist Agent",Story,High,3,Specialized Agents,AI Engineer,Sprint 2,To Do,"Create agent that optimizes landing pages for search engines.","- Generates meta tags
- Defines schema markup
- Creates Open Graph tags
- Quality score > 7/10","Story: Build Marketing Strategy Agent, Story: Build Copywriter Agent"
"Quality & Refinement",Epic,High,,,Engineering Team,,,Add quality control and iterative improvement,,
"Build Critic Agent",Story,High,5,Quality & Refinement,AI Engineer,Sprint 3,To Do,"Create agent that reviews landing pages and provides quality feedback.","- Reviews final landing page
- Identifies quality issues
- Provides actionable feedback
- Can approve or request changes","Epic: Specialized Agents"
"Implement Refinement Loop",Story,High,8,Quality & Refinement,AI Engineer,Sprint 4,To Do,"Build iterative improvement cycle using LoopAgent pattern.","- Loop runs max 3 iterations
- Improvements are measurable
- Loop terminates on approval
- Handles infinite loop prevention","Story: Build Critic Agent"
"Tools & Integration",Epic,Medium,,,Platform Team,,,Extend agent capabilities with proper tools,,
"Implement Code Execution Tool",Story,Highest,5,Tools & Integration,Platform Engineer,Sprint 2,To Do,"Add sandboxed code validation capability for the developer agent.","- Can execute Python/JavaScript safely
- Sandboxed execution environment
- Returns execution results
- Handles errors gracefully",None
"Implement Artifact Storage",Story,Medium,3,Tools & Integration,Platform Engineer,Sprint 3,To Do,"Setup external storage for large outputs to prevent context window bloat.","- External storage configured (S3/GCS)
- Artifact save/retrieve implemented
- Artifact references work in context
- Tested with large HTML files",None
"Observability & Evaluation",Epic,Highest,,,DevOps Team,,,Production-ready monitoring and quality measurement,,
"Integrate OpenTelemetry Tracing",Story,Highest,5,Observability & Evaluation,DevOps Engineer,Sprint 1,To Do,"Add distributed tracing to track agent workflows end-to-end.","- Every agent call is traced
- Traces show full workflow path
- Can debug failures from traces
- Spans include agent inputs/outputs","Story: Implement Orchestrator Core"
"Build Evaluation Framework",Story,Highest,8,Observability & Evaluation,ML Engineer,Sprint 4,To Do,"Implement automated quality evaluation using LLM-as-judge pattern.","- LLM-as-judge evaluates outputs
- Golden dataset of 20+ test cases
- Automated regression testing
- Quality scores tracked over time","Epic: Specialized Agents"
"Setup Circuit Breaker Pattern",Story,Medium,3,Observability & Evaluation,Backend Engineer,Sprint 4,To Do,"Implement circuit breaker to prevent cascading failures in agent system.","- Circuit breaker prevents cascade failures
- Auto-recovery after timeout
- Alerts trigger when circuit opens
- Configurable thresholds","Story: Implement Orchestrator Core"
"Build Monitoring Dashboard",Story,Medium,5,Observability & Evaluation,DevOps Engineer,Sprint 5,To Do,"Create real-time dashboard for monitoring agent performance and quality.","- Real-time metrics displayed
- Alert thresholds configured
- Cost tracking per request
- Quality trends visible","Story: Integrate OpenTelemetry Tracing"
"Implement Error Recovery",Story,High,5,Observability & Evaluation,Backend Engineer,Sprint 3,To Do,"Add retry logic, fallbacks, and graceful degradation for agent failures.","- Exponential backoff retry works
- Fallback to templates on critical failure
- Human alerts for unrecoverable errors
- Error patterns logged for analysis","Story: Implement Orchestrator Core"
"Security & Compliance",Epic,High,,,Security Team,,,Ensure production security standards,,
"Implement Input Validation",Story,High,3,Security & Compliance,Security Engineer,Sprint 3,To Do,"Add validation and sanitization for all user inputs to prevent injection attacks.","- All inputs validated against schema
- SQL injection prevented
- XSS patterns blocked
- Malicious code detected",None
"Implement Output Sanitization",Story,High,3,Security & Compliance,Security Engineer,Sprint 3,To Do,"Sanitize agent outputs before display to users.","- PII detection and masking
- Active content removed (scripts)
- URLs validated against allowlist
- Sensitive data flagged",None
"Security Audit & Testing",Story,High,5,Security & Compliance,Security Engineer,Sprint 5,To Do,"Conduct comprehensive security review before production.","- OWASP Top 10 tested
- Penetration testing complete
- Security report generated
- All high-risk issues resolved","Epic: Specialized Agents"
"Performance & Optimization",Epic,Medium,,,Engineering Team,,,Optimize system performance and cost,,
"Implement Context Pruning",Story,Medium,3,Performance & Optimization,AI Engineer,Sprint 4,To Do,"Add logic to keep context window under 50K tokens.","- Context automatically pruned
- Most relevant info retained
- Pruning logged for debugging
- Performance impact < 5%","Story: Session & Memory Management"
"Optimize Parallel Execution",Story,Medium,5,Performance & Optimization,Backend Engineer,Sprint 4,To Do,"Tune parallel agent execution for maximum speed.","- Parallel speedup > 2x sequential
- Resource usage optimized
- Timeouts configured properly
- Load balanced across workers","Story: Implement Orchestrator Core"
"Implement Cost Tracking",Story,Medium,3,Performance & Optimization,Platform Engineer,Sprint 4,To Do,"Add detailed cost tracking per request and per agent.","- Cost tracked per agent call
- Token usage logged
- Budget alerts configured
- Cost optimization suggestions","Story: Integrate OpenTelemetry Tracing"
"Documentation & Training",Epic,Low,,,Documentation Team,,,Create comprehensive documentation,,
"Write Architecture Documentation",Story,Medium,3,Documentation & Training,Tech Writer,Sprint 5,To Do,"Document the system architecture and design decisions.","- Architecture diagrams created
- Design patterns documented
- ADK patterns explained
- Decision log maintained",None
"Create Runbook",Story,Medium,3,Documentation & Training,Tech Writer,Sprint 5,To Do,"Write operations runbook for common issues and troubleshooting.","- Common issues documented
- Troubleshooting steps clear
- Alert response procedures
- Escalation paths defined","Epic: Observability & Evaluation"
"Build User Guide",Story,Low,2,Documentation & Training,Tech Writer,Sprint 5,To Do,"Create end-user guide for non-technical users.","- Step-by-step instructions
- Screenshots included
- Common questions answered
- Examples provided",None
